Voltage (V),Current Limit (A),Gear Ratio,Resistance Torque (N*m),Move Time (s),dTime/dVoltage (s/V),dTime/dCurrent Limit (s/A),dTime/dGear Ratio (s/ratio),dTime/dResistance Torque (s/(N*m)),dTime/dMotor Inertia (s/(kg*m^2)),dTime/dAngle (s/deg)
95.0,70.0,2.5,10.0,0.07693517360427728,0.0,-0.0012703362300918847,-0.000769185336860212,0.004545030622242624,37.28683696492471,0.0002663345497494077
95.0,70.0,3.0,10.0,0.07760563615500375,0.0,-0.0009532585132746315,0.0042885502040621495,0.002693386282910451,39.797762130786005,0.0002842697295055152
95.0,70.0,2.0,10.0,0.08424955250307917,0.0,-0.0022371317047324797,-0.038560230027077924,0.011684241746589275,39.74035495428324,0.0002838596782448753
95.0,60.0,3.0,10.0,0.08968574931264076,0.0,-0.001537459331281121,-0.0014408029179055482,0.004831223621427905,43.96360260422935,0.00031402573288740203
95.0,70.0,5.0,10.0,0.09060432565697471,0.0,-0.0007928252389407391,0.007296934799060212,0.000950838990947736,45.992043480703316,0.0003285145962907033
24.0,70.0,5.0,10.0,0.0912811779989297,-0.00035522032941730003,-0.0007180976523501231,0.007960857517915337,0.0012100687594361614,41.569196673314764,0.00037074271795346184
95.0,60.0,2.5,10.0,0.09376435242115212,0.0,-0.0023713504683534176,-0.0195011093795755,0.009552314488513874,46.765263052944704,0.00033403759323531436
95.0,60.0,5.0,10.0,0.09975388229372263,0.0,-0.0010397132586531985,0.008182129295088852,0.0018116582249309149,44.26947439071585,0.00031621053136218666
24.0,60.0,5.0,10.0,0.09978333601046076,-0.00022451120314003273,-0.0010104721264373936,0.007439601217357206,0.0014434494515287721,49.936227767981286,0.0003682752123973608
95.0,70.0,7.5,10.0,0.10805877547713898,0.0,-0.0008083375375335476,0.005754871318160068,0.000671267459366881,58.18549448771761,0.00041561067491208034
24.0,70.0,5.0,20.0,0.10878307060021254,9.027320329550495e-05,-0.0016726538530320776,-0.0020441831626645535,0.0034221461612173737,59.2724833331705,0.0003735719983181207
95.0,70.0,5.0,20.0,0.1088775639375561,0.0,-0.0017193571827753768,-0.0016994247051863032,0.003222729454746831,55.9302554473659,0.0003995018246241066
95.0,50.0,3.0,10.0,0.11247045764233023,0.0,-0.0033906826113727223,-0.019497871287218797,0.011695636325780578,58.4565788161448,0.0004175469915441491
95.0,50.0,5.0,10.0,0.11287133803659144,0.0,-0.0017082903774989777,0.005350680809302066,0.0029333801397377762,56.08513691255367,0.0004006081208042274
24.0,70.0,7.5,10.0,0.11358640264346759,-0.0015672326872463844,-0.0005879099994253356,0.009508745485459585,0.0003725267260774878,41.40495554229156,0.0005360032183179968
95.0,70.0,7.5,20.0,0.11563916868353964,0.0,-0.0011484010505447104,0.0044532891980086,0.001174862813512062,56.895039942717744,0.00040639314244786986
95.0,60.0,7.5,10.0,0.11755284906614583,0.0,-0.0009721890143443365,0.0073126102272981965,0.0009825359505961917,64.67832135685636,0.00046198800969207395
24.0,70.0,7.5,20.0,0.12031717886787113,-0.0015542734849074576,-0.0009078551538453164,0.0072304224150560965,0.0007903933627731452,41.07676385655123,0.0005359866023699894
24.0,60.0,7.5,10.0,0.12082213569053712,-0.0009749400229223185,-0.0008132182711110061,0.009075944463886598,0.00020598775290724125,45.58335181237896,0.000500920535754299
40.0,70.0,10.0,10.0,0.12350484042007154,5.8633333534906934e-05,-0.0009683014594236249,0.006280909236981921,0.00013843113118243433,57.3956747640672,0.00045846787538699114
95.0,70.0,10.0,10.0,0.12358035144107961,0.0,-0.0008826066877172918,0.005971367477927703,0.00010243574486805407,60.6960098115887,0.0004335429272258368
95.0,70.0,10.0,20.0,0.12816449449954467,0.0,-0.0011055577831996627,0.0045254209470875495,0.000803504331752733,61.32272464094979,0.0004380194617208716
95.0,60.0,2.0,10.0,0.12836676100439806,0.0,-0.009051681922568415,-0.2106643592815885,0.04796301930899444,63.54790148730693,0.00045391358205227163
95.0,60.0,7.5,20.0,0.12959863438219457,0.0,-0.001680022128108134,0.002844112902795441,0.0016477003792179923,61.06741934238241,0.00043619585244562825
95.0,50.0,7.5,10.0,0.13050229757846898,0.0,-0.0016024317182949388,0.006966672801845634,0.0010063701472186326,62.292266147279115,0.00044494475819451375
24.0,60.0,7.5,20.0,0.13145584405836036,-0.001022864187455915,-0.0014077263204261468,0.00552943708301834,0.001688577345963227,53.809457531771294,0.0005374153457353029
24.0,50.0,7.5,10.0,0.13163273492584293,-0.0007922625905568022,-0.0014293896867966227,0.008166090607002649,0.0009556816149057512,60.42542555951824,0.00050572156500133
95.0,60.0,5.0,20.0,0.13246260759746256,0.0,-0.0033687124901084684,-0.013540033807305785,0.00689276527145892,64.30223669779411,0.0004593016906984996
95.0,70.0,7.5,30.0,0.13323829742130053,0.0,-0.002031156170686836,-0.00155420624497693,0.002668127727867657,68.35920110235399,0.000488280007873848
95.0,60.0,10.0,10.0,0.13399363715361798,0.0,-0.0010782700557464275,0.006265973105291228,-0.0003232126507886346,67.93086801195058,0.00048522048579976594
95.0,40.0,5.0,10.0,0.13489857587895066,0.0,-0.0029036963456698095,0.0028624052972611724,0.005092274533157887,65.23141967063327,0.00046593871193332284
24.0,70.0,7.5,30.0,0.13519562509928135,-0.0008749129814169278,-0.0017648356048788733,0.0007644480994173364,0.0021464312081187027,56.956860404891444,0.0005366635209532098
24.0,70.0,10.0,10.0,0.13692738965581366,-0.002546720457437662,-0.0006250167262549153,0.009513172084797544,-1.3056844917480603e-05,38.12658672063679,0.000678576913895969
95.0,70.0,10.0,30.0,0.13728153066515233,0.0,-0.0014444509246096247,0.00361670107883752,0.0010825416366704033,68.64076533256852,0.0004902911809469279
95.0,50.0,2.5,10.0,0.13827677437172142,0.0,-0.008763143118661554,-0.12130194116903192,0.03734624407094447,70.16385897079535,0.0005011704212200759
95.0,60.0,10.0,20.0,0.14107205839171205,0.0,-0.001596970221994463,0.005174384667267912,0.0011020245115129362,73.78245731783777,0.0005270175522702103
24.0,70.0,10.0,20.0,0.14119575144384053,-0.002503161730747136,-0.0007417240357555326,0.008800634407244295,0.0005997327404756725,38.5951615450103,0.0007142898005966177
24.0,60.0,10.0,10.0,0.14381556927994849,-0.002138718433940777,-0.0008685307119974766,0.009656701471234819,0.000343608638531806,47.81302164307832,0.0007143045918205676
95.0,50.0,10.0,10.0,0.1478732180514552,0.0,-0.0016235847523138058,0.006718639041173036,0.0006984202285477414,74.18388865452901,0.0005298849189611892
24.0,70.0,10.0,30.0,0.14841149000612516,-0.002425171732694728,-0.001030978832746562,0.007462993067852974,0.0008457021395044211,50.01086365823276,0.0007500047546947297
95.0,40.0,7.5,10.0,0.14963082344057949,0.0,-0.0023393548319701127,0.007198382228483421,0.00197965769266617,73.78245731784055,0.00052701755227024
24.0,40.0,7.5,10.0,0.14964872432838144,0.00017349530703238136,-0.002357367495389069,0.0073068236174193375,0.0017771597631256741,74.93290347895115,0.0005612808220432027
24.0,60.0,10.0,20.0,0.1498120933260852,-0.0021416207535774243,-0.0010615504959438082,0.008491470651496164,0.0007544081006641973,47.10962497701948,0.0007143029595189821
95.0,70.0,15.0,10.0,0.1503371021139472,0.0,-0.0010989316292670762,0.005159779517290575,0.0004300500055468004,72.6266193786032,0.0005187615669908258
95.0,50.0,7.5,20.0,0.151988749139149,0.0,-0.0029773645542217897,0.0005454434146921299,0.0036208973820337637,76.50440392919788,0.0005464600280649656
40.0,70.0,15.0,10.0,0.15200784026871053,-0.0005479120180561237,-0.0009677185487868516,0.005764963479905442,-9.290501019595943e-05,62.93419990882204,0.0006116439650540931
24.0,50.0,7.5,20.0,0.15207011830559813,5.896749583703583e-05,-0.0028765214609306755,0.0006624358336361954,0.003574972084431638,75.93421456107696,0.0005453824079745916
95.0,70.0,15.0,20.0,0.15261223982771008,0.0,-0.0011754823077708301,0.004488932148424274,0.00037455937470599887,74.80992148421738,0.0005343565820297574
24.0,50.0,10.0,10.0,0.15374893518158386,-0.0018738847536083764,-0.0012260530636105105,0.0088755936068724,0.000625850664133093,54.03431823493148,0.0007143900780881463
40.0,70.0,15.0,20.0,0.15418911802617102,-0.0005464739970279658,-0.0009817501408703505,0.005698297260778584,0.00025318002231239367,67.57446972012886,0.0006107642147973026
95.0,60.0,10.0,30.0,0.15577263017356277,0.0,-0.0022496984786582928,0.0015024272637044478,0.0021085796014597147,78.27770360487318,0.0005591264543199775
95.0,70.0,15.0,30.0,0.15698617508077775,0.0,-0.0013381896544831437,0.003975386136986133,0.0005674815856699749,76.6534058011331,0.0005475243271510895
40.0,70.0,15.0,30.0,0.15820500746844698,-0.0004073863434285452,-0.0011658761252376715,0.004889561416904683,0.00040914019336503,72.88449731212842,0.0006115828352242245
95.0,50.0,10.0,20.0,0.15970242735860055,0.0,-0.002270384599079578,0.004071166406300203,0.0018193629736119876,77.1170632547266,0.0005508361661057254
24.0,60.0,10.0,30.0,0.1617304428280317,-0.0018874746046215868,-0.0018014088130649994,0.005162876178544662,0.0016125735383646276,57.72464212933786,0.0007143254092263628
24.0,60.0,7.5,30.0,0.16226110236197294,-5.0689352842451615e-05,-0.004154879032043715,-0.011311278340774463,0.005481595456278734,83.70964460403945,0.0005709128369358467
95.0,60.0,7.5,30.0,0.1622754627937108,0.0,-0.0041365367553729045,-0.011275510808819722,0.005547146945036839,81.83921034261992,0.0005845657881617196
95.0,60.0,15.0,10.0,0.16254707287730377,0.0,-0.0013520837934157214,0.005320742955213417,0.0009599481818019229,80.46884795924885,0.0005747774854217984
40.0,60.0,15.0,10.0,0.16312461029474828,-0.00022361833287389,-0.0013678343179483743,0.005760670779732987,0.00023850437663008872,78.48152585575862,0.0006336482916792705
24.0,50.0,10.0,20.0,0.16381339645621085,-0.0017386186719595825,-0.0019130027019281515,0.007267700015926998,0.0013674105603121017,66.58944978414348,0.0007144612151415766
95.0,60.0,15.0,20.0,0.16622328588720023,0.0,-0.0016252885248116875,0.004816344528329279,0.0004302109680520694,80.84790169602812,0.0005774850121150219
40.0,60.0,15.0,20.0,0.1665114607001302,-0.00028820408424886507,-0.0014106662738420928,0.0051167010794490415,0.00035455189032647383,75.85905131839432,0.0005988222014332043
95.0,40.0,10.0,10.0,0.16754812470540498,0.0,-0.002276796668028956,0.006684080132362269,0.0012118571623523366,78.9576459497232,0.0005639831853554235
24.0,40.0,10.0,10.0,0.16963254943360984,-0.0011017727965691518,-0.002036754747620634,0.008752622571118335,0.0012697038873923927,72.51867905623126,0.0007158594820153712
95.0,60.0,15.0,30.0,0.17279851503838006,0.0,-0.0018275586194567198,0.004494730321572364,0.0007040058756819605,81.16070304963196,0.0005797193074972522
40.0,60.0,15.0,30.0,0.17284529926866166,-0.0002043579374579052,-0.001783867407776941,0.0042526708471514,0.0007642221951401074,87.4563502518369,0.0006191980255791949
95.0,50.0,15.0,10.0,0.17861297227337933,0.0,-0.0018316088548993026,0.005568560416248647,0.00040280156398633804,96.31091642200577,0.0006879351172993573
40.0,50.0,15.0,10.0,0.17872144877076532,1.3832840190554363e-05,-0.0018611931037576246,0.006053362791013836,0.0004522447902896576,87.37921136581643,0.0006283633636180809
24.0,70.0,15.0,10.0,0.18441643270509095,-0.004356618250202863,-0.000595727049363571,0.00958287934961046,0.0006257115354817155,39.9164324315554,0.0010357142876637727
95.0,50.0,15.0,20.0,0.18454083846119376,0.0,-0.0021421768195460655,0.005317649093603549,0.0006837767229079389,93.43839922099083,0.0006674171372917806
40.0,50.0,15.0,20.0,0.18454083846119376,9.940974608733943e-06,-0.0021421768195460655,0.005317649093603549,0.0006837767229079389,93.43839922099083,0.0006674171372917806
24.0,70.0,15.0,20.0,0.18718941047232818,-0.004689570569037585,-0.0005882354120508819,0.009418404672245084,0.0004362172922307145,36.489410296826335,0.001035714286912588
95.0,50.0,10.0,30.0,0.187850202850303,0.0,-0.004510784267225981,-0.003649749555646037,0.004265549240023657,97.5845209611914,0.0006970322925799089
24.0,50.0,10.0,30.0,0.18858635200526538,-0.0007354946338754392,-0.00416089021890978,-0.0019691191255039042,0.004006344284386612,85.59675892550466,0.0007177235437622152
95.0,40.0,10.0,20.0,0.19086713395638097,0.0,-0.004211579196642841,0.002068097758457371,0.0038574131546773027,97.84712950598878,0.0006989080678999793
24.0,60.0,15.0,10.0,0.19101955326673573,-0.004136563537714191,-0.0007645615390559218,0.009656802675875414,0.000514834318356,45.11955239308029,0.001035714291882531
24.0,40.0,10.0,20.0,0.19105299091732472,-0.0002077163429090497,-0.00410509857329544,0.002534213508177674,0.0035960186804581684,90.11847980647802,0.0006944827099621627
24.0,70.0,15.0,30.0,0.19109578355400972,-0.004586460030222249,-0.0007417275713622011,0.009200385863198842,0.0003998212980697395,38.59578342643027,0.001071428572319556
95.0,40.0,3.0,10.0,0.192550141506589,0.0,-0.0204986724889053,-0.2097859237415308,0.07194452896348819,95.32185223097011,0.0006808703730784074
24.0,60.0,15.0,20.0,0.19453249839489292,-0.0043005618385762055,-0.0008981810570191789,0.009528961061163096,0.00035330371014316575,50.73249781862021,0.0010357142898430116
95.0,50.0,15.0,30.0,0.19545670214037467,0.0,-0.0028970305336498414,0.0034294892286608944,0.0015570029472118663,91.13834748289555,0.0006509881963067835
95.0,50.0,5.0,20.0,0.19548730553253651,0.0,-0.01233726430976867,-0.0855980108195431,0.025989707227574918,97.14995857494218,0.0006939282755354896
95.0,40.0,7.5,20.0,0.19875236797500212,0.0,-0.007579603102745858,-0.013931353914538036,0.0101923968058696,99.38366180331641,0.0007098832985951173
24.0,60.0,15.0,30.0,0.19971222883888243,-0.004433131093240182,-0.0010615746872317858,0.008660813539293674,0.0006696089637928115,52.11222831828926,0.0010714285751891256
24.0,50.0,15.0,10.0,0.2003449184826712,-0.0036311077588827246,-0.0011256214976378964,0.009438401088753823,0.0003424482002807594,52.144913957494204,0.0010357143171780903
95.0,40.0,15.0,10.0,0.20090554214540193,0.0,-0.002638709151814092,0.006549441807137679,0.0003655998510918024,101.89630201773436,0.0007278307286995993
24.0,50.0,15.0,20.0,0.20529714403115565,-0.003851778461062538,-0.0013431621368933389,0.008692279635267863,0.00048340528163645646,61.297140415020316,0.0010714285982328653
95.0,40.0,15.0,20.0,0.2116080875875601,0.0,-0.003408730424496742,0.005173095000583772,0.0012850891489196714,110.67368597688642,0.0007905263284053601
95.0,70.0,5.0,30.0,0.21236121770794206,0.0,-0.016981817749498036,-0.1959530821154995,0.035970925957118885,104.50847328148521,0.000746489094867573
24.0,50.0,15.0,30.0,0.21371477553947837,-0.003820138395442483,-0.0018134113481150793,0.007843200354394342,0.001078416957814854,61.614770033878436,0.0010714286096998632
24.0,40.0,15.0,10.0,0.2148530266917017,-0.0032078395528396695,-0.0018383539552088365,0.009298799065465362,0.0005518730870440747,67.15297069679882,0.0010357146733125872
24.0,40.0,15.0,20.0,0.22341465309810185,-0.0031080351669675902,-0.0024023087219763803,0.008287847474319395,0.0012841525152722938,78.9145747629269,0.001071429150712584
95.0,40.0,15.0,30.0,0.23365894526033967,0.0,-0.005306717365111957,0.001503939330611918,0.003162113391762811,117.41655540723622,0.0008386896814799811
95.0,50.0,7.5,30.0,0.23942067568810627,0.0,-0.01517007903163517,-0.06947758141185238,0.021328438582818625,118.73883825825881,0.0008481345589878306
24.0,40.0,15.0,30.0,0.24098584071050208,-0.0027264834034405423,-0.004069499870509238,0.005119159856988113,0.0024404550595498453,92.58531969932731,0.0010714323241127477
95.0,40.0,10.0,30.0,0.26874051466753773,0.0,-0.015210837916816017,-0.034174951850704516,0.015838131927610098,133.36998246531726,0.0009526427318948061
